Generator,eff_base_only,eff_with_incr
ADPPV1,1.0,1.0
AGLHAL01,1.4715975613618695,0.24653109000287132
AGLHAL02,1.4715975613618695,0.24653109000287132
AGLHAL03,1.6156428253046982,0.2502691265366857
AGLHAL04,1.323659182177343,0.2420000000703066
AGLHAL05,1.3236591821945891,0.24200000007088301
AGLHAL06,1.1482344713013304,0.23542417229423182
AGLHAL07,1.7735728946077112,0.2537695224410297
AGLHAL08,2.200664896801847,0.2610176841576409
AGLHAL09,1.2550250024512208,0.23960435777683567
AGLHAL10,0.8789924257700947,0.22151258680755376
AGLHAL11,1.0341087362088481,0.23021496777365666
AGLHAL12,1.2501225610353957,0.23942510254656563
AGLHALRE,1.406860616537796,0.2446451823120673
AGLSOM01,1.3236591818910564,0.24200000006073727
AGLSOM02,1.3236591818910564,0.24200000006073727
AGLSOM03,1.3236591818910564,0.24200000006073727
AGLSOM04,1.3236591818910564,0.24200000006073727
ANGAS1,1.0,0.28180000006794514
ANGAS2,1.0,0.2818000000679451
Aramara Solar Farm,1.0,1.0
ARWF1,1.0,1.0
AVLSF1,1.0,1.0
BALDHWF1,1.0,1.0
BANGOWF1,1.0,1.0
BANGOWF2,1.0,1.0
Banksia Solar Farm,1.0,1.0
BANN1,1.0,1.0
BARCALDN,1.3236591827112287,0.2830000000913164
BARRON-1,1.0,1.0
BARRON-2,1.0,1.0
BASTYAN,1.0,1.0
BBTHREE1,1.3236591826783446,0.29900000001897814
BBTHREE2,1.3236591826783446,0.29900000001897814
BBTHREE3,1.3236591826783446,0.29900000001897814
BDL01,1.3236591819276038,0.34299999997107405
BDL02,1.3236591819276038,0.34299999997107405
BERYLSF1,1.0,1.0
BIPS1_01,1.0,0.45600000000608
BIPS1_02,1.0,0.45600000000608
BIPS1_03,1.0,0.45600000000608
BIPS1_04,1.0,0.45600000000608
BIPS1_05,1.0,0.45600000000608
BIPS1_06,1.0,0.45600000000608
BIPS1_07,1.0,0.45600000000608
BIPS1_08,1.0,0.45600000000608
BIPS1_09,1.0,0.45600000000608
BIPS1_10,1.0,0.45600000000608
BIPS1_11,1.0,0.45600000000608
BIPS1_12,1.0,0.45600000000608
BLOWERNG,1.0,1.0
BLUEGSF1,1.0,1.0
BLUFF1,1.0,1.0
BNGSF1,1.0,1.0
BNGSF2,1.0,1.0
BOCORWF1,1.0,1.0
BODWF1,1.0,1.0
BOGONG1,1.0,1.0
BOGONG2,1.0,1.0
BOLIVPS1_1,1.3236591822201,0.3532875367854763
BOLIVPS1_2,1.3236591822201,0.3532875367854763
BOLIVPS1_3,1.3236591822201,0.3532875367854763
BOLIVPS1_4,1.3236591822201,0.3532875367854763
BOMENSF1,1.0,1.0
BOWWPV1,1.0,1.0
BRAEMAR1,1.4812376563528638,0.31056289668659787
BRAEMAR2,1.4812376563528638,0.31056289668659787
BRAEMAR3,1.4812376563528638,0.31056289668659787
BRAEMAR5,1.3236591821789978,0.30300000000729044
BRAEMAR6,1.3236591821789978,0.30300000000729044
BRAEMAR7,1.3236591821789978,0.30300000000729044
BROKENH1,1.0,1.0
BRYB1WF1,1.0,1.0
BRYB2WF2,1.0,1.0
BULGANA1,1.0,1.0
BW01,5.65149136577708,0.380999999985395
BW02,5.8655630084201515,0.38193973668725256
BW03,5.8655630084201515,0.38193973668725256
BW04,5.8655630084201515,0.38193973668725256
CA111-1,1.0,1.0
CA112-2,1.0,1.0
CALL_B_1,5.651491365777081,0.39299999997904
CALL_B_2,5.651491365777081,0.39299999997904
CAPTL_WF,1.0,1.0
CATHROCK,1.0,1.0
CETHANA,1.0,1.0
CG1,1.323659182362401,0.3229999999931647
CG2,1.323659182362401,0.3229999999931647
CG3,1.323659182362401,0.3229999999931647
CG4,1.323659182362401,0.3229999999931647
CHALLHWF,1.0,1.0
CHILDSF1,1.0,1.0
CHYTWF1,1.0,1.0
CLARESF1,1.0,1.0
CLEMGPWF,1.0,1.0
CLERMSF1,1.0,1.0
CLRKCWF1,1.0,1.0
CLRKCWF2,1.0,1.0
CNSW Biomass,2.71356783919598,0.2072542837349525
CNSW CCGT,3.7741497909914603,0.4966026027723539
CNSW CCGT with CCS,3.7741497909914603,0.4016441879311814
CNSW H2 Reciprocating Engine,1.0,0.3076108039750152
CNSW OCGT Large,1.3236592434912804,0.3293315522272893
CNSW OCGT Small,1.323659513352528,0.3532794708979026
CNUNDAWF,1.0,1.0
COHUNSF1,1.0,1.0
COLEASF1,1.0,1.0
COLUMSF1,1.0,1.0
COLWF01,1.0,1.0
COOPGWF1,1.0,1.0
Coppabella Wind Farm,1.0,1.0
CPP_3,5.324960753532182,0.38538174661449515
CPP_4,5.2747252747252755,0.3851162999144111
CPSA_GT1,1.1873603112897066,0.301085076723599
CPSA_GT2,1.1873603112897066,0.301085076723599
CPSA_ST,1.0,0.2760206097044703
CQ Biomass,2.71356783919598,0.2072542837349525
CQ CCGT,3.7741497909914603,0.4966026027723539
CQ CCGT with CCS,3.7741497909914603,0.4016441879311814
CQ H2 Reciprocating Engine,1.0,0.3076108039750152
CQ OCGT Large,1.3236592434912804,0.3293315522272893
CQ OCGT Small,1.323659513352528,0.3532794708979026
Crookwell 3 Wind Farm,1.0,1.0
CROOKWF2,1.0,1.0
CROWLWF1,1.0,1.0
CRURWF1,1.0,1.0
CRWASF1,1.0,1.0
CSA Biomass,2.71356783919598,0.2072542837349525
CSA CCGT,3.7741497909914603,0.4966026027723539
CSA CCGT with CCS,3.7741497909914603,0.4016441879311814
CSA H2 Reciprocating Engine,1.0,0.3076108039750152
CSA OCGT Large,1.3236592434912804,0.3293315522272893
CSA OCGT Small,1.323659513352528,0.3532794708979026
CSPVPS1,1.0,1.0
CTHLWF1,1.0,1.0
Culcairn Solar Farm,1.0,1.0
CULLRGWF,1.0,1.0
Cultana Solar Farm,1.0,1.0
DARLSF1,1.0,1.0
DARTM1,1.0,1.0
DAYDSF1,1.0,1.0
DDPS1_GT1,2.356963556501587,0.32575062655135495
DDPS1_GT2,1.0227538289819385,0.27599069046891156
DDPS1_GT3,1.0227538289819385,0.27599069046891156
DDPS1_ST,1.0,0.2928267726247329
DDSF1,1.0,1.0
Derby Solar Farm,1.0,1.0
DEVILS_G,1.0,1.0
DRYCGT1,1.3236591825847508,0.26300000009730434
DRYCGT2,1.3236591825847508,0.26300000009730434
DRYCGT3,1.3236591825847508,0.26300000009730434
DULAWF1,1.0,1.0
DUNDWF1,1.0,1.0
DUNDWF2,1.0,1.0
DUNDWF3,1.0,1.0
EDENVSF1,1.0,1.0
EILDON1,1.0,1.0
EILDON2,1.0,1.0
ELAINWF1,1.0,1.0
EMERASF1,1.0,1.0
ER01,5.651491365777081,0.37700000000146605
ER02,5.651491365777081,0.37700000000146605
ER03,5.651491365777081,0.37700000000146605
ER04,5.651491365777081,0.37700000000146605
FINLYSF1,1.0,1.0
FISHER,1.0,1.0
Flyers Creek Wind Farm,1.0,1.0
Frasers Solar Farm,1.0,1.0
Fulham Solar Farm,1.0,1.0
GANGARR1,1.0,1.0
GANNSF1,1.0,1.0
GG Biomass,2.71356783919598,0.2072542837349525
GG CCGT,3.7741497909914603,0.4966026027723539
GG CCGT with CCS,3.7741497909914603,0.4016441879311814
GG H2 Reciprocating Engine,1.0,0.3076108039750152
GG OCGT Large,1.3236592434912804,0.3293315522272893
GG OCGT Small,1.323659513352528,0.3532794708979026
Girgarre Solar Farm,1.0,1.0
Glenrowan Solar Farm,1.0,1.0
GLRWNSF1,1.0,1.0
GNNDHSF1,1.0,1.0
GO181-1,1.0,1.0
GO182-2,1.0,1.0
GO183-3,1.0,1.0
Golden Plains Wind Farm East,1.0,1.0
GOONSF1,1.0,1.0
GRANWF1,1.0,1.0
GSTONE1,5.65149136577708,0.379999999981
GSTONE2,5.65149136577708,0.379999999981
GSTONE3,5.65149136577708,0.379999999981
GSTONE4,5.65149136577708,0.379999999981
GSTONE5,5.65149136577708,0.379999999981
GSTONE6,5.65149136577708,0.379999999981
GSWF1A,1.0,1.0
GSWF1B,1.0,1.0
GULLRSF1,1.0,1.0
GULLRWF1,1.0,1.0
GULLRWF2,1.0,1.0
GUNNING1,1.0,1.0
GUTHEGA1,1.0,1.0
GUTHEGA2,1.0,1.0
HALLWF1,1.0,1.0
HALLWF2,1.0,1.0
HAMISF1,1.0,1.0
HAUGHT11,1.0,1.0
Hawkesdale Wind Farm,1.0,1.0
HAYMSF1,1.0,1.0
HDWF1,1.0,1.0
HDWF2,1.0,1.0
HDWF3,1.0,1.0
HILLSTN1,1.0,1.0
Horsham Solar Farm,1.0,1.0
HUGSF1,1.0,1.0
HUMENSW,1.0,1.0
HUMEV,1.0,1.0
HVWWPV1,1.0,1.0
Hydro Tas NS flexibility,1.0,1.0
JBUTTERS,1.0,1.0
JEMALNG1,1.0,1.0
JLA01,1.3236591819666792,0.23600000006456603
JLA02,1.3236591819666792,0.23600000006456603
JLA03,1.3236591819666792,0.23600000006456603
JLA04,1.3236591819666792,0.23600000006456603
JLB01,1.3236591824862312,0.2360000000810819
JLB02,1.3236591824862312,0.2360000000810819
JLB03,1.3236591824862312,0.2360000000810819
JUNEESF1,1.0,1.0
KABANWF1,1.0,1.0
KAREEYA1,1.0,1.0
KAREEYA2,1.0,1.0
KAREEYA3,1.0,1.0
KAREEYA4,1.0,1.0
KARSF1,1.0,1.0
KEPSF1,1.0,1.0
KEPWF1,1.0,1.0
Kiamal Solar Farm - Stage 2,1.0,1.0
KIAMSF1,1.0,1.0
KIATAWF1,1.0,1.0
Kidston Pumped Storage Hydro 1,1.0,1.0
Kidston Pumped Storage Hydro 2,1.0,1.0
Kogan Gas,1.3236591821916572,0.28301886784665364
KPP_1,5.651491365777081,0.409000000010225
KSP1,1.0,1.0
Kurri Kurri 1,1.323659182272772,0.32933123670793724
Kurri Kurri 2,1.323659182272772,0.32933123670793724
LADBROK1,1.3236591826783446,0.30300000003345623
LADBROK2,1.3236591826783446,0.30300000003345623
LGAPWF1,1.0,1.0
LGAPWF2,1.0,1.0
LI111-1,1.0,1.0
LI112-2,1.0,1.0
LI113-3,1.0,1.0
LILYSF1,1.0,1.0
LIMOSF11,1.0,1.0
LIMOSF21,1.0,1.0
LK_ECHO,1.0,1.0
LKBONNY1,1.0,1.0
LKBONNY2,1.0,1.0
LKBONNY3,1.0,1.0
LM111-1,1.0,1.0
LNGS1,1.323659182272772,0.31299999999336325
LNGS2,1.323659182272772,0.31299999999336325
Lockhart Hybrid Facility - Solar,1.0,1.0
LONSDALE,1.0,0.45600000000608
LOYYB1,5.293988211463174,0.2883146932806171
LOYYB2,5.293988211463174,0.2883146932806171
LRSF1,1.0,1.0
LYA1,4.883247747311308,0.2959999999135492
LYA2,4.883247747668392,0.2959999999148612
LYA3,4.883247747311308,0.2959999999135492
LYA4,4.883247747311308,0.2959999999135492
MACARTH1,1.0,1.0
MacIntyre Wind Farm,1.0,1.0
MACKNTSH,1.0,1.0
MANSF2,1.0,1.0
MANSLR1,1.0,1.0
MAPS2PV1,1.0,1.0
MAPS3PV1,1.0,1.0
MARYRSF1,1.0,1.0
MBPS2PV1,1.0,1.0
MCKAY11,1.0,1.0
MCKAY12,1.0,1.0
MCKAY13,1.0,1.0
MCKAY14,1.0,1.0
MCKAY15,1.0,1.0
MCKAY16,1.0,1.0
MEADOWBK,1.0,1.0
MERCER01,1.0,1.0
METZSF1,1.0,1.0
MEWF1,1.0,1.0
MIDDLSF1,1.0,1.0
MINTARO,1.323659182272772,0.28300000007127407
MLWF1,1.0,1.0
MN1 Option 1,1.0,1.0
MN1_Augmentation 1,1.0,1.0
MN1_Augmentation 2,1.0,1.0
MN1_North_Augmentation 1,1.0,1.0
MOLNGSF1,1.0,1.0
MOORAWF1,1.0,1.0
MOREESF1,1.0,1.0
MORTLK11,1.3236591823283297,0.3229999999911359
MORTLK12,1.3236591823283297,0.3229999999911359
MOUSF1,1.0,1.0
MP1,6.250891965177679,0.39158456390045293
MP2,5.9083773369487655,0.39016764262630227
MPP_1,5.65149136577708,0.3910000000135764
MPP_2,5.65149136577708,0.3910000000135764
MRTLSWF1,1.0,1.0
MSTUART1,1.3236591821616561,0.3030000000063817
MSTUART2,1.3236591821616561,0.3030000000063817
MSTUART3,1.3236591823961399,0.30300000001866867
MTGELWF1,1.0,1.0
MTMILLAR,1.0,1.0
MURRAY01,1.0,1.0
MURRAY02,1.0,1.0
MURRAY03,1.0,1.0
MURRAY04,1.0,1.0
MURRAY05,1.0,1.0
MURRAY06,1.0,1.0
MURRAY07,1.0,1.0
MURRAY08,1.0,1.0
MURRAY09,1.0,1.0
MURRAY10,1.0,1.0
MURRAY11,1.0,1.0
MURRAY12,1.0,1.0
MURRAY13,1.0,1.0
MURRAY14,1.0,1.0
MUSSELR1,1.0,1.0
MUWAWF1,1.0,1.0
MUWAWF2,1.0,1.0
MWPS1PV1,1.0,1.0
MWPS2PV1,1.0,1.0
MWPS3PV1,1.0,1.0
MWPS4PV1,1.0,1.0
N0_CST_NSW,1.0,1.0
N0_SAT_NSW,1.0,1.0
N0_WH_NSW,1.0,1.0
N0_WM_NSW,1.0,1.0
N10_Augmentation 1,1.0,1.0
N10_Augmentation 2,1.0,1.0
N10_Augmentation 3,1.0,1.0
N10_Augmentation 4,1.0,1.0
N10_Augmentation 5,1.0,1.0
N10_WFL_Hunter Coast,1.0,1.0
N10_WFX_Hunter Coast,1.0,1.0
N11_Augmentation 1,1.0,1.0
N11_Augmentation 2,1.0,1.0
N11_Augmentation 3,1.0,1.0
N11_Augmentation 4,1.0,1.0
N11_Augmentation 5,1.0,1.0
N11_WFL_Illawarra Coast,1.0,1.0
N11_WFX_Illawarra Coast,1.0,1.0
N12_CST_Illawarra,1.0,1.0
N12_SAT_Illawarra,1.0,1.0
N12_WH_Illawarra,1.0,1.0
N12_WM_Illawarra,1.0,1.0
N1_Augmentation 1,1.0,1.0
N1_Augmentation 2,1.0,1.0
N1_Augmentation 3,1.0,1.0
N1_CST_North West NSW,1.0,1.0
N1_SAT_North West NSW,1.0,1.0
N1_WH_North West NSW,1.0,1.0
N1_WM_North West NSW,1.0,1.0
N2 Option 1,1.0,1.0
N2_Augmentation 1,1.0,1.0
N2_Augmentation 2,1.0,1.0
N2_Augmentation 3,1.0,1.0
N2_Augmentation 4,1.0,1.0
N2_Augmentation 5,1.0,1.0
N2_CST_New England,1.0,1.0
N2_SAT_New England,1.0,1.0
N2_WH_New England,1.0,1.0
N2_WM_New England,1.0,1.0
N3_Augmentation 1,1.0,1.0
N3_Augmentation 2,1.0,1.0
N3_Augmentation 3,1.0,1.0
N3_Augmentation 4,1.0,1.0
N3_Augmentation 5,1.0,1.0
N3_Augmentation 6,1.0,1.0
N3_CST_Central-West Orana,1.0,1.0
N3_SAT_Central-West Orana,1.0,1.0
N3_WH_Central-West Orana,1.0,1.0
N3_WM_Central-West Orana,1.0,1.0
N4_Augmentation 1,1.0,1.0
N4_CST_Broken Hill,1.0,1.0
N4_SAT_Broken Hill,1.0,1.0
N4_WH_Broken Hill,1.0,1.0
N4_WM_Broken Hill,1.0,1.0
N5_Augmentation 1,1.0,1.0
N5_Augmentation 2,1.0,1.0
N5_Augmentation 3,1.0,1.0
N5_Augmentation 4,1.0,1.0
N5_Augmentation 5,1.0,1.0
N5_Augmentation 6,1.0,1.0
N5_Augmentation 7,1.0,1.0
N5_CST_South West NSW,1.0,1.0
N5_SAT_South West NSW,1.0,1.0
N5_WH_South West NSW,1.0,1.0
N5_WM_South West NSW,1.0,1.0
N6_Augmentation 1,1.0,1.0
N6_Augmentation 2,1.0,1.0
N6_Augmentation 3,1.0,1.0
N6_Augmentation 4,1.0,1.0
N6_CST_Wagga Wagga,1.0,1.0
N6_SAT_Wagga Wagga,1.0,1.0
N6_WH_Wagga Wagga,1.0,1.0
N6_WM_Wagga Wagga,1.0,1.0
N7_CST_Tumut,1.0,1.0
N7_SAT_Tumut,1.0,1.0
N7_WH_Tumut,1.0,1.0
N7_WM_Tumut,1.0,1.0
N8_Augmentation 1,1.0,1.0
N8_CST_Cooma-Monaro,1.0,1.0
N8_SAT_Cooma-Monaro,1.0,1.0
N8_WH_Cooma-Monaro,1.0,1.0
N8_WM_Cooma-Monaro,1.0,1.0
N9 Option 2,1.0,1.0
N9_Augmentation 1,1.0,1.0
N9_CST_Hunter-Central Coast,1.0,1.0
N9_SAT_Hunter-Central Coast,1.0,1.0
N9_WH_Hunter-Central Coast,1.0,1.0
N9_WM_Hunter-Central Coast,1.0,1.0
NBHWF1,1.0,1.0
NET1_Augmentation 1,1.0,1.0
NEVERSF1,1.0,1.0
New England Solar Farm 2,1.0,1.0
NEWENSF1,1.0,1.0
NNSW Biomass,2.71356783919598,0.2072542837349525
NNSW CCGT,3.7741497909914603,0.4966026027723539
NNSW CCGT with CCS,3.7741497909914603,0.4016441879311814
NNSW H2 Reciprocating Engine,1.0,0.3076108039750152
NNSW OCGT Large,1.3236592434912804,0.3293315522272893
NNSW OCGT Small,1.323659513352528,0.3532794708979026
NPS,4.671426764031311,0.3499999999902778
NQ Biomass,2.71356783919598,0.2072542837349525
NQ CCGT,3.7741497909914603,0.4966026027723539
NQ CCGT with CCS,3.7741497909914603,0.4016441879311814
NQ H2 Reciprocating Engine,1.0,0.3076108039750152
NQ OCGT Large,1.3236592434912804,0.3293315522272893
NQ OCGT Small,1.323659513352528,0.3532794708979026
NQ2_Augmentation 1,1.0,1.0
NQ2_Augmentation 2,1.0,1.0
NQ2_Augmentation 3,1.0,1.0
NSA1_Augmentation 1,1.0,1.0
NUMURSF1,1.0,1.0
NYNGAN1,1.0,1.0
OAKEY1,1.3236591821789978,0.32899999998784
OAKEY1SF,1.0,1.0
OAKEY2,1.3236591821789978,0.32899999998784
OAKEY2SF,1.0,1.0
OAKLAND1,1.0,1.0
OsborneGT,1.4206381168450792,0.2890999999893836
OsborneST,1.0,0.21367280909516828
PAREPS1,1.0,1.0
PAREPW1,1.0,1.0
PARSF1,1.0,1.0
PO161-1,1.0,1.0
PO162-2,1.0,1.0
PO163-3,1.0,1.0
PO164-4,1.0,1.0
PO165-5,1.0,1.0
PO166-6,1.0,1.0
POR01-1,1.3236591823376636,0.28099999993761804
POR01-2,1.3236591823376636,0.28099999993761804
POR01-3,1.3236591823418056,0.28099999993780467
PORTWF,1.0,1.0
PPCCGTGT1,1.4768509377156855,0.3308016877496495
PPCCGTGT2,1.4768509377156855,0.3308016877496495
PPCCGTST,1.0,0.23789407316772412
PTSTAN1_1,1.0,0.45600000000608
PTSTAN1_2,1.0,0.45600000000608
PV_NSW_LS,1.0,1.0
PV_QLD_LS,1.0,1.0
PV_SA_LS,1.0,1.0
PV_VIC_LS,1.0,1.0
Q1_Augmentation 1,1.0,1.0
Q1_CST_Far North QLD,1.0,1.0
Q1_SAT_Far North QLD,1.0,1.0
Q1_WH_Far North QLD,1.0,1.0
Q1_WM_Far North QLD,1.0,1.0
Q2_Augmentation 1,1.0,1.0
Q2_Augmentation 2,1.0,1.0
Q2_Augmentation 3,1.0,1.0
Q2_CST_North QLD Clean Energy Hub,1.0,1.0
Q2_SAT_North QLD Clean Energy Hub,1.0,1.0
Q2_WH_North QLD Clean Energy Hub,1.0,1.0
Q2_WM_North QLD Clean Energy Hub,1.0,1.0
Q3_CST_Northern QLD,1.0,1.0
Q3_SAT_Northern QLD,1.0,1.0
Q3_WH_Northern QLD,1.0,1.0
Q3_WM_Northern QLD,1.0,1.0
Q4_CST_Isaac,1.0,1.0
Q4_SAT_Isaac,1.0,1.0
Q4_WH_Isaac,1.0,1.0
Q4_WM_Isaac,1.0,1.0
Q5_Augmentation 1,1.0,1.0
Q5_CST_Barcaldine,1.0,1.0
Q5_SAT_Barcaldine,1.0,1.0
Q5_WH_Barcaldine,1.0,1.0
Q5_WM_Barcaldine,1.0,1.0
Q6_CST_Fitzroy,1.0,1.0
Q6_SAT_Fitzroy,1.0,1.0
Q6_WH_Fitzroy,1.0,1.0
Q6_WM_Fitzroy,1.0,1.0
Q7_CST_Wide Bay,1.0,1.0
Q7_SAT_Wide Bay,1.0,1.0
Q7_WH_Wide Bay,1.0,1.0
Q7_WM_Wide Bay,1.0,1.0
Q8_CST_Darling Downs,1.0,1.0
Q8_SAT_Darling Downs,1.0,1.0
Q8_WH_Darling Downs,1.0,1.0
Q8_WM_Darling Downs,1.0,1.0
Q9_Augmentation 1,1.0,1.0
Q9_CST_Banana,1.0,1.0
Q9_SAT_Banana,1.0,1.0
Q9_WH_Banana,1.0,1.0
Q9_WM_Banana,1.0,1.0
QPS1,1.3236591822168307,0.33599999999490204
QPS2,1.323659182272772,0.33599999999850666
QPS3,1.5994215119129327,0.3513783635278442
QPS4,1.323659182272772,0.33599999999850666
QPS5,1.3236591821460304,0.33599999999034
Quorn Park Solar Farm,1.0,1.0
REECE1,1.0,1.0
REECE2,1.0,1.0
Riverina Solar Farm,1.0,1.0
ROMA_7,1.3236591826783446,0.30300000003345623
ROMA_8,1.3236591826783446,0.30300000003345623
RRSF1,1.0,1.0
RUGBYR1,1.0,1.0
Ryan Corner Wind Farm,1.0,1.0
Rye Park Wind Farm,1.0,1.0
S1-TBMO_Augmentation 1,1.0,1.0
S1-TBMO_Augmentation 2,1.0,1.0
S10_Augmentation 1,1.0,1.0
S10_Augmentation 2,1.0,1.0
S10_Augmentation 3,1.0,1.0
S10_WFL_South East SA Coast,1.0,1.0
S10_WFX_South East SA Coast,1.0,1.0
S1_CST_South East SA,1.0,1.0
S1_SAT_South East SA,1.0,1.0
S1_WH_South East SA,1.0,1.0
S1_WM_South East SA,1.0,1.0
S2_Augmentation 1,1.0,1.0
S2_Augmentation 2,1.0,1.0
S2_CST_Riverland,1.0,1.0
S2_SAT_Riverland,1.0,1.0
S2_WH_Riverland,1.0,1.0
S2_WM_Riverland,1.0,1.0
S3_CST_Mid-North SA,1.0,1.0
S3_SAT_Mid-North SA,1.0,1.0
S3_WH_Mid-North SA,1.0,1.0
S3_WM_Mid-North SA,1.0,1.0
S4_Augmentation 1,1.0,1.0
S4_CST_Yorke Peninsula,1.0,1.0
S4_SAT_Yorke Peninsula,1.0,1.0
S4_WH_Yorke Peninsula,1.0,1.0
S4_WM_Yorke Peninsula,1.0,1.0
S5_CST_Northern SA,1.0,1.0
S5_SAT_Northern SA,1.0,1.0
S5_WH_Northern SA,1.0,1.0
S5_WM_Northern SA,1.0,1.0
S6_Augmentation 1,1.0,1.0
S6_CST_Leigh Creek,1.0,1.0
S6_SAT_Leigh Creek,1.0,1.0
S6_WH_Leigh Creek,1.0,1.0
S6_WM_Leigh Creek,1.0,1.0
S7_Augmentation 1,1.0,1.0
S7_CST_Roxby Downs,1.0,1.0
S7_SAT_Roxby Downs,1.0,1.0
S7_WH_Roxby Downs,1.0,1.0
S7_WM_Roxby Downs,1.0,1.0
S8_Augmentation 1,1.0,1.0
S8_CST_Eastern Eyre Peninsula,1.0,1.0
S8_SAT_Eastern Eyre Peninsula,1.0,1.0
S8_WH_Eastern Eyre Peninsula,1.0,1.0
S8_WM_Eastern Eyre Peninsula,1.0,1.0
S9_Augmentation 1,1.0,1.0
S9_CST_Western Eyre Peninsula,1.0,1.0
S9_SAT_Western Eyre Peninsula,1.0,1.0
S9_WH_Western Eyre Peninsula,1.0,1.0
S9_WM_Western Eyre Peninsula,1.0,1.0
SA Hydrogen Turbine,1.3236591821916572,0.28301886784665364
SALTCRK1,1.0,1.0
SAPHWF1,1.0,1.0
SEBSF1,1.0,1.0
SESA Biomass,2.71356783919598,0.2072542837349525
SESA CCGT,3.7741497909914603,0.4966026027723539
SESA CCGT with CCS,3.7741497909914603,0.4016441879311814
SESA H2 Reciprocating Engine,1.0,0.3076108039750152
SESA OCGT Large,1.3236592434912804,0.3293315522272893
SESA OCGT Small,1.323659513352528,0.3532794708979026
SEVIC1_Augmentation 1,1.0,1.0
SHGEN01,1.0,1.0
SHGEN02,1.0,1.0
SHGEN03,1.0,1.0
SHGEN04,1.0,1.0
SITHE01,1.3236924823044447,0.26300131468924887
SITHE02,1.3235957612971467,0.262997496232514
SITHE03,1.3235957612971467,0.262997496232514
SITHE04,1.3237449029039465,0.2630033840196404
SMCSF1,1.0,1.0
SNAPPER1_1,1.3236591822201,0.35327942498370823
SNAPPER1_2,1.3236591822201,0.35327942498370823
SNAPPER1_3,1.3236591822201,0.35327942498370823
SNAPPER1_4,1.3236591822201,0.35327942498370823
SNAPPER1_5,1.3236591822201,0.35327942498370823
SNO2PH01,1.0,1.0
SNO2PH02,1.0,1.0
SNO2PH03,1.0,1.0
SNO2PH04,1.0,1.0
SNO2PH05,1.0,1.0
SNO2PH06,1.0,1.0
SNOWNTH1,1.0,1.0
SNOWSTH1,1.0,1.0
SNOWTWN1,1.0,1.0
SNSW Biomass,2.71356783919598,0.2072542837349525
SNSW CCGT,3.7741497909914603,0.4966026027723539
SNSW CCGT with CCS,3.7741497909914603,0.4016441879311814
SNSW H2 Reciprocating Engine,1.0,0.3076108039750152
SNSW OCGT Large,1.3236592434912804,0.3293315522272893
SNSW OCGT Small,1.323659513352528,0.3532794708979026
SNUG1,1.323659182272772,0.2679999999513629
SNUG2,1.323659182272772,0.2679999999513629
SNUG3,1.323659182272772,0.2679999999513629
SNW Biomass,2.71356783919598,0.2072542837349525
SNW CCGT,3.7741497909914603,0.4966026027723539
SNW CCGT with CCS,3.7741497909914603,0.4016441879311814
SNW H2 Reciprocating Engine,1.0,0.3076108039750152
SNW OCGT Large,1.3236592434912804,0.3293315522272893
SNW OCGT Small,1.323659513352528,0.3532794708979026
SQ Biomass,2.71356783919598,0.2072542837349525
SQ CCGT,3.7741497909914603,0.4966026027723539
SQ CCGT with CCS,3.7741497909914603,0.4016441879311814
SQ H2 Reciprocating Engine,1.0,0.3076108039750152
SQ OCGT Large,1.3236592434912804,0.3293315522272893
SQ OCGT Small,1.323659513352528,0.3532794708979026
SQ1_Augmentation 1,1.0,1.0
SRSF1,1.0,1.0
STAN-1,5.651491365777081,0.3969999999810322
STAN-2,5.651491365777081,0.3969999999810322
STAN-3,5.651491365777081,0.3969999999810322
STAN-4,5.651491365777081,0.3969999999810322
STARHLWF,1.0,1.0
STOCKYD1,1.0,1.0
Stubbo Solar Farm,1.0,1.0
STWF1,1.0,1.0
SUNRSF1,1.0,1.0
SUNTPSF1,1.0,1.0
SWAN_E,3.774150067395537,0.48400000000445587
SWNSW1_Augmentation 1,1.0,1.0
SWQLD1_Augmentation 1,1.0,1.0
SWQLD1_Augmentation 2,1.0,1.0
SWQLD1_Augmentation 3,1.0,1.0
SWV1_Augmentation 1,1.0,1.0
SWV1_Augmentation 2,1.0,1.0
SWV1_Augmentation 3,1.0,1.0
T1_Augmentation 1,1.0,1.0
T1_CST_North East TAS,1.0,1.0
T1_SAT_North East TAS,1.0,1.0
T1_WH_North East TAS,1.0,1.0
T1_WM_North East TAS,1.0,1.0
T2_Augmentation 1,1.0,1.0
T2_CST_North West TAS,1.0,1.0
T2_SAT_North West TAS,1.0,1.0
T2_WH_North West TAS,1.0,1.0
T2_WM_North West TAS,1.0,1.0
T3 Option 1,1.0,1.0
T3_Augmentation 1,1.0,1.0
T3_CST_Central Highlands,1.0,1.0
T3_SAT_Central Highlands,1.0,1.0
T3_WH_Central Highlands,1.0,1.0
T3_WM_Central Highlands,1.0,1.0
T4_WFL_North West Tasmania Coast,1.0,1.0
T4_WFX_North West Tasmania Coast,1.0,1.0
T5_WFL_North East Tasmania Coast,1.0,1.0
T5_WFX_North East Tasmania Coast,1.0,1.0
TA111-1,1.0,1.0
TA111-2,1.0,1.0
TA111-3,1.0,1.0
TA112-4,1.0,1.0
TA112-5,1.0,1.0
TA112-6,1.0,1.0
Tallawarra B,1.3236591822220753,0.3293312367047989
TALWA1,3.7741500670101416,0.5150000000133627
Tamworth Solar Farm,1.0,1.0
TARALGA1,1.0,1.0
TARONG#1,5.651491365777081,0.39100000001357643
TARONG#2,5.651491365777081,0.39100000001357643
TARONG#3,5.651491365777081,0.39100000001357643
TARONG#4,5.651491365777081,0.39100000001357643
TAS Biomass,2.71356783919598,0.2072542837349525
TAS CCGT,3.7741497909914603,0.4966026027723539
TAS CCGT with CCS,3.7741497909914603,0.4016441879311814
TAS H2 Reciprocating Engine,1.0,0.3076108039750152
TAS OCGT Large,1.3236592434912804,0.3293315522272893
TAS OCGT Small,1.323659513352528,0.3532794708979026
TB2SF1,1.0,1.0
TBSF1,1.0,1.0
Tilbuster Solar Farm,1.0,1.0
TNPS1,5.651491365777081,0.41599999999260445
TORRB1,4.671426764031312,0.33600000000896
TORRB2,4.671426764031312,0.33600000000896
TORRB3,4.671426764031312,0.33600000000896
TORRB4,4.671426764031312,0.33600000000896
TR111-1,1.0,1.0
TR111-2,1.0,1.0
TR112-3,1.0,1.0
TR112-4,1.0,1.0
TRIBUTE,1.0,1.0
TU111-1,1.0,1.0
TU112-2,1.0,1.0
TU113-3,1.0,1.0
TU114-4,1.0,1.0
TU115-5,1.0,1.0
TUMUT1_01,1.0,1.0
TUMUT1_02,1.0,1.0
TUMUT1_03,1.0,1.0
TUMUT1_04,1.0,1.0
TUMUT2_01,1.0,1.0
TUMUT2_02,1.0,1.0
TUMUT2_03,1.0,1.0
TUMUT2_04,1.0,1.0
TUMUT3_01,1.0,1.0
TUMUT3_02,1.0,1.0
TUMUT3_03,1.0,1.0
TUMUT3_04,1.0,1.0
TUMUT3_05,1.0,1.0
TUMUT3_06,1.0,1.0
TVCC201_GT,1.4642395579727128,0.3324999999965365
TVCC201_ST,1.0,0.2419475654771221
TVPP104,1.323659182552477,0.2830000000840596
URANQ11,1.379476135843955,0.326220996040969
URANQ12,1.379476135843955,0.326220996040969
URANQ13,1.379476135843955,0.326220996040969
URANQ14,1.379476135843955,0.326220996040969
Uungula Wind Farm,1.0,1.0
V0_CST_VIC,1.0,1.0
V0_SAT_VIC,1.0,1.0
V0_WH_VIC,1.0,1.0
V0_WM_VIC,1.0,1.0
V1_CST_Ovens Murray,1.0,1.0
V1_SAT_Ovens Murray,1.0,1.0
V1_WH_Ovens Murray,1.0,1.0
V1_WM_Ovens Murray,1.0,1.0
V2_Augmentation 1,1.0,1.0
V2_Augmentation 2,1.0,1.0
V2_Augmentation 3,1.0,1.0
V2_Augmentation 4,1.0,1.0
V2_CST_Murray River,1.0,1.0
V2_SAT_Murray River,1.0,1.0
V2_WH_Murray River,1.0,1.0
V2_WM_Murray River,1.0,1.0
V3-EAST_Augmentation 1,1.0,1.0
V3-EAST_Augmentation 2,1.0,1.0
V3-EAST_Augmentation 3,1.0,1.0
V3-WEST_Augmentation 1,1.0,1.0
V3-WEST_Augmentation 2,1.0,1.0
V3_CST_Western VIC,1.0,1.0
V3_SAT_Western VIC,1.0,1.0
V3_WH_Western VIC,1.0,1.0
V3_WM_Western VIC,1.0,1.0
V4_CST_South West Victoria,1.0,1.0
V4_SAT_South West Victoria,1.0,1.0
V4_WH_South West Victoria,1.0,1.0
V4_WM_South West Victoria,1.0,1.0
V5_CST_Gippsland,1.0,1.0
V5_SAT_Gippsland,1.0,1.0
V5_WH_Gippsland,1.0,1.0
V5_WM_Gippsland,1.0,1.0
V6_Augmentation 1,1.0,1.0
V6_Augmentation 2,1.0,1.0
V6_CST_Central North VIC,1.0,1.0
V6_SAT_Central North VIC,1.0,1.0
V6_WH_Central North VIC,1.0,1.0
V6_WM_Central North VIC,1.0,1.0
V7_WFL_Gippsland Coast,1.0,1.0
V7_WFX_Gippsland Coast,1.0,1.0
V8_WFL_Portland Coast,1.0,1.0
V8_WFX_Portland Coast,1.0,1.0
VIC Biomass,2.71356783919598,0.2072542837349525
VIC CCGT,3.7741497909914603,0.4966026027723539
VIC CCGT with CCS,3.7741497909914603,0.4016441879311814
VIC H2 Reciprocating Engine,1.0,0.3076108039750152
VIC OCGT Large,1.3236592434912804,0.3293315522272893
VIC OCGT Small,1.323659513352528,0.3532794708979026
VP5,5.65149136577708,0.37199999999380007
VP6,5.65149136577708,0.37199999999380007
VPGS1,1.3236591819483137,0.2420000000626511
VPGS2,1.3236591819483137,0.2420000000626511
VPGS3,1.3236591819483137,0.2420000000626511
VPGS4,1.3236591819483137,0.2420000000626511
VPGS5,1.3236591819483137,0.2420000000626511
VPGS6,1.3236591819483137,0.2420000000626511
W/HOE#1,1.0,1.0
W/HOE#2,1.0,1.0
WAGGNSF1,1.0,1.0
Wambo Wind Farm,1.0,1.0
WANDSF1,1.0,1.0
WARWSF1,1.0,1.0
WARWSF2,1.0,1.0
WATERLWF,1.0,1.0
WAUBRAWF,1.0,1.0
WDGPH1,1.0,1.0
WELLSF1,1.0,1.0
WELNSF1,1.0,1.0
WEMENSF1,1.0,1.0
WGWF1,1.0,1.0
WHITSF1,1.0,1.0
WI111-1,1.0,1.0
Wind_NSW_LS,1.0,1.0
Wind_QLD_LS,1.0,1.0
Wind_SA_LS,1.0,1.0
Wind_TAS_LS,1.0,1.0
Wind_VIC_LS,1.0,1.0
WINTSF1,1.0,1.0
WKIEWA1_1,1.0,1.0
WKIEWA1_2,1.0,1.0
WKIEWA2_1,1.0,1.0
WKIEWA2_2,1.0,1.0
WLWLSF1,1.0,1.0
WLWLSF2,1.0,1.0
WOLARSF1,1.0,1.0
WOODLWN1,1.0,1.0
WOOLGSF1,1.0,1.0
WOOLNTH1,1.0,1.0
Woolsthorpe Wind Farm,1.0,1.0
WPWF,1.0,1.0
WRSF1,1.0,1.0
WRWF1,1.0,1.0
WSTWYSF1,1.0,1.0
WUNUSF1,1.0,1.0
WY111-1,1.0,1.0
WY111-2,1.0,1.0
WY111-3,1.0,1.0
WYASF1,1.0,1.0
YABULU,1.3988945159828268,0.31081967213484174
YABULU2,1.0,0.2367745005354379
YAMBUKWF,1.0,1.0
YARANSF1,1.0,1.0
YARWUN_1,3.774150067709563,0.3469999999891188
YATSF1,1.0,1.0
YENDWF1,1.0,1.0
YSWF1,1.0,1.0
YWPS1,4.883247747311308,0.25900000007266394
YWPS2,4.883247747311308,0.25900000007266394
YWPS3,4.883247748068326,0.25900000007479346
YWPS4,4.883247748068326,0.25900000007479346
